{"accuracy": [0.8522270321846008, 0.0, 0.9826580286026001, 0.0, 0.9904166460037231, 0.0, 0.9916379451751709, 0.0, 0.9942241311073303, 0.0], "loss": [0.4914894700050354, 0.0, 0.0576741062104702, 0.0, 0.03435204178094864, 0.0, 0.027940474450588226, 0.0, 0.020284151658415794, 0.0], "val_accuracy": [0.6752992868423462, 0.75, 0.6669543981552124, 0.7083333134651184, 0.680018424987793, 0.7083333134651184, 0.7210520505905151, 0.7083333134651184, 0.7095994353294373, 0.75], "val_loss": [1.517741322517395, 1.0614982843399048, 1.9346469640731812, 2.7737817764282227, 1.7951210737228394, 1.4593172073364258, 1.5743341445922852, 1.5335363149642944, 2.0242791175842285, 1.211071252822876]}